year,aqi
2022,96.03651577987588
2023,93.34922197436985
2024,99.46106349930064
2025,83.49840353379012
2026,80.12092973626648
